Renault;Kaptur;Blue;16300
VW;Polo;Blue;26350
Volvo;Volvo;Blue;11000
Renault;Kaptur;Blue;25360
VW;Polo;Blue;23430
Renault;Kaptur;Blue;108100
Renault;Kaptur;Blue;30167
VW;Polo;Blue;54200
VW;Polo;Blue;24265
Renault;Kaptur;Blue;40416
VW;Polo;Blue;18745
Skoda;Rapid;Blue;76890
VW;Polo;Blue;80078,8
Renault;Kaptur;Blue;36900
VW;Polo;Blue;28920
Renault;Kaptur;Blue;202146
Skoda;Rapid;Blue;27277
Skoda;Rapid;Blue;46300
VW;Polo;Blue;20975
VW;Polo;Blue;5300
VW;Polo;Blue;12640
Skoda;Rapid;Blue;94098
Renault;Kaptur;Blue;14500
VW;Polo;Blue;26000
Audi;Audi A3;Blue;45400
Audi;Audi A3;Blue;48510
VW;Polo;Blue;13750
VW;Polo;Blue;76800
Skoda;Rapid;Blue;63100
VW;Polo;Blue;10150
Mercedes;E213;Blue;175213
Skoda;Rapid;Blue;31057
Renault;Kaptur;Blue;67987
VW;Polo;Blue;28000
Renault;Kaptur;Blue;60014
Renault;Kaptur;Blue;25675
VW;Polo;Blue;
Skoda;Rapid;Blue;102310
;белы;Blue;29080
Renault;Kaptur;Blue;57895
Renault;Kaptur;Blue;64133
VW;Polo;Blue;37755
Volvo;XC60;Blue;28000
Renault;Kaptur;Blue;76710
Skoda;Rapid;Blue;52350
Skoda;Rapid;Blue;13750
VW;Polo;Blue;35750
Skoda;Rapid;Blue;24850
Renault;Kaptur;Blue;27057
Renault;Kaptur;Blue;29630
Audi;Audi A3;Blue;108430
VW;Polo;Blue;32660
Renault;Kaptur;Blue;46457
VW;Polo;Blue;44620
Mercedes;E213;Blue;168527
Mercedes;E213;Blue;49100
Skoda;Rapid;Blue;59490
Audi;Audi A3;Blue;62000
Renault;Kaptur;Blue;7840
Volvo;Volvo;Blue;8500
VW;Polo;Blue;26980
VW;Polo;Blue;14390
VW;Polo;Blue;53305
VW;Polo;Blue;17450
Skoda;Rapid;Blue;203875
VW;Polo;Blue;8750
VW;Polo;Blue;23000
Skoda;Rapid;Blue;26700
Renault;Kaptur;Blue;25950
Audi;Audi A3;Blue;71700
Renault;Kaptur;Blue;80561
Audi;Audi A3;Blue;11500
VW;Polo;Blue;19580
Audi;Audi A3;Blue;36200
Audi;Audi A3;Blue;45300
VW;Polo;Blue;34320
Audi;Audi A3;Blue;60386
VW;Polo;Blue;19580
Skoda;Rapid;Blue;62500
VW;Polo;Blue;25910
VW;Polo;Blue;20390
Audi;Audi A3;Blue;7500
VW;Polo;Blue;
VW;Transporter;Blue;15300
Skoda;Rapid;Blue;71190
VW;Polo;Blue;11550
VW;Polo;Blue;36470
Skoda;Rapid;Blue;21900
Renault;Kaptur;Blue;38800
VW;Polo;Blue;17550
VW;Polo;Blue;28310
VW;Polo;Blue;18530
Renault;Kaptur;Blue;28951
VW;Polo;Blue;9050
VW;Polo;Blue;55757
VW;Dokker;Blue;18700
VW;Polo;Blue;27250
Renault;Kaptur;Blue;2650
VW;Polo;Blue;23600
Mercedes; C180 ;Blue;92106
Skoda;Rapid;Blue;10900
VW;Dokker;Blue;24220
Renault;Kaptur;Blue;39100
VW;Polo;Blue;38120
Mercedes; C180 ;Blue;179394
Audi;Audi A3;Blue;31900
Skoda;Rapid;Blue;34700
Renault;Kaptur;Blue;27830
Skoda;Rapid;Blue;31640
Renault;Kaptur;Blue;90622
Renault;Kaptur;Blue;40200
Renault;Kaptur;Blue;51350
VW;Dokker;Blue;30850
Renault;Kaptur;Blue;40590
Skoda;Rapid;Blue;
Skoda;Rapid;Blue;72770
VW;Polo;Blue;24463
Volvo;Volvo;Blue;21434
VW;Polo;Blue;39000
VW;Polo;Blue;25350
VW;Polo;Blue;57525
Volvo;Volvo;Blue;86600
Renault;Kaptur;Blue;1000
VW;Polo;Blue;19300
Renault;Kaptur;Blue;44200
Renault;Kaptur;Blue;
VW;Polo;Blue;2022
VW;Polo;Blue;15150
Audi;Audi A3;Blue;77119
VW;Dokker;Blue;6330
Skoda;Rapid;Blue;25250
Renault;Kaptur;Blue;21000
VW;Polo;Blue;25880
VW;Polo;Blue;24350
VW;Dokker;Blue;45820
VW;Dokker;Blue;27746
Audi;Audi A3;Blue;52373
VW;Dokker;Blue;14140
VW;Polo;Blue;20160
VW;Polo;Blue;9050
VW;Dokker;Blue;3880
VW;Polo;Blue;14600
VW;Polo;Blue;65460
Renault;Kaptur;Blue;60995
VW;Polo;Blue;15940
VW;Polo;Blue;71100
VW;Polo;Blue;20000
VW;Dokker;Blue;3880
Audi;Audi A3;Blue;23320
Volvo;XC60;Blue;6280
VW;Polo;Blue;52052
VW;Polo;Blue;14590
Renault;Kaptur;Blue;11850
VW;Polo;Blue;11540
VW;Polo;Blue;18950
VW;Polo;Blue;
VW;Polo;Blue;72600
VW;Polo;Blue;13040
VW;Polo;Blue;75100
Skoda;Rapid;Blue;19290
VW;Polo;Blue;17300
Skoda;Rapid;Blue;5960
Skoda;Rapid;Blue;42800
VW;Polo;Blue;48200
VW;Transporter;Blue;15169
Skoda;Rapid;Blue;26900
Renault;Kaptur;Blue;19800
Renault;Kaptur;Blue;7866
Skoda;Rapid;Blue;36250
Skoda;Rapid;Blue;12150
Renault;Kaptur;Blue;
VW;Polo;Blue;4300
VW;Polo;Blue;86050
Renault;Kaptur;Blue;1300
Audi;Audi A3;Blue;5900
Renault;Kaptur;Blue;126202
Skoda;Rapid;Blue;73650
VW;Polo;Blue;13040
Skoda;Rapid;Blue;21200
Skoda;Rapid;Blue;17950
Renault;Kaptur;Blue;129010
VW;Polo;Blue;20100
VW;Polo;Blue;20420
Renault;Kaptur;Blue;52795
VW;Polo;Blue;49300
VW;Polo;Blue;11500
Renault;Kaptur;Blue;52795
Skoda;Rapid;Blue;4450
Skoda;Rapid;Blue;70190
VW;Polo;Blue;29530
Skoda;Rapid;Blue;10800
Skoda;Rapid;Blue;5160
VW;Polo;Blue;24530
Renault;Kaptur;Blue;192460
Renault;Kaptur;Blue;48221
VW;Polo;Blue;15990
Renault;Kaptur;Blue;24720
Audi;Audi A3;Blue;6363
Audi;Audi A3;Blue;31000
Audi;Audi A3;Blue;65220
Renault;Kaptur;Blue;57574
Renault;Kaptur;Blue;4630
Renault;Kaptur;Blue;65906
Renault;Kaptur;Blue;8300
Renault;Kaptur;Blue;65108
Renault;Kaptur;Blue;152417
VW;Polo;Blue;19000
Renault;Kaptur;Blue;223901
VW;Dokker;Blue;6280
Skoda;Rapid;Blue;5000
VW;Polo;Blue;2750
Renault;Kaptur;Blue;23796
VW;Polo;Blue;93780
VW;Dokker;Blue;48800
Audi;Audi A3;Blue;6663
Renault;Kaptur;Blue;7866
VW;Polo;Blue;11150
VW;Polo;Blue;10175
Audi;Audi A3;Blue;53725
VW;Polo;Blue;24735
Renault;Kaptur;Blue;27200
VW;Polo;Blue;110680
VW;Polo;Blue;11800
Renault;Kaptur;Blue;18800
Renault;Kaptur;Blue;1966
Renault;Kaptur;Blue;76894
Skoda;Rapid;Blue;55985
VW;Polo;Blue;19975
Renault;Kaptur;Blue;89450
Citroen;Jumpy;Blue;17250
Nissan;Qashqai;Blue;11300
Nissan;Qashqai;Blue;12500
Skoda;Rapid;Blue;21300
Skoda;Rapid;Blue;6785
Volvo;XC60;Blue;
Renault;Kaptur;Blue;39800
Renault;Kaptur;Blue;3000
Audi;Audi A3;Blue;497889
Audi;Audi A3;Blue;9100
Renault;Kaptur;Blue;4550
Nissan;Qashqai;Blue;13900
Renault;Kaptur;Blue;7100
Renault;Kaptur;Blue;50022
Renault;Kaptur;Blue;1996
VW;Dokker;Blue;10600
VW;Dokker;Blue;1360
Renault;Kaptur;Blue;8850
VW;Dokker;Blue;22000
VW;Dokker;Blue;4000
VW;Polo;Blue;21600
VW;Polo;Blue;49345
VW;Polo;Blue;7500
VW;Polo;Blue;3500
Renault;Kaptur;Blue;17025
Renault;Kaptur;Blue;1500
Renault;Kaptur;Blue;25100
VW;Polo;Blue;20750
;;Blue;21770
;;Blue;49350
;;Blue;14975
;;Blue;9250
;;Blue;2022
Renault;Kaptur;Blue;11250
Renault;Kaptur;Blue;7000
Renault;Kaptur;Blue;72253
Renault;Kaptur;Blue;44290
Renault;Kaptur;Blue;176891
VW;Polo;Blue;5340
;;Blue;6216
VW;Polo;Blue;22500
VW;Polo;Blue;49720
;;Blue;15465
;;Blue;3266
Renault;Kaptur;Blue;7566
Renault;Kaptur;Blue;2391
Renault;Kaptur;Blue;2516
Renault;Kaptur;Blue;6626
Skoda;Rapid;Blue;2750
Skoda;Rapid;Blue;4610
VW;Polo;Blue;1425
Mercedes;E213;Blue;46390
VW;Polo;Blue;6675
Renault;Kaptur;Blue;46400
VW;Polo;Blue;14565
VW;Polo;Blue;42375
VW;Polo;Blue;11825
VW;Polo;Blue;30000
VW;Polo;Blue;13315
Volvo;XC60;Blue;66770
Audi;Audi A3;Blue;321113
Skoda;Rapid;Blue;21800
VW;Polo;Blue;77000
VW;Polo;Blue;12100
VW;Polo;Blue;8750
VW;Polo;Blue;12310
Nissan;Qashqai;Blue;34960
Renault;Kaptur;Blue;5400
Skoda;Rapid;Blue;26200
Skoda;Rapid;Blue;14000
Skoda;Rapid;Blue;8750
Skoda;Rapid;Blue;13300
Skoda;Rapid;Blue;9350
VW;Polo;Blue;26155
Renault;Kaptur;Blue;114094
Renault;Kaptur;Blue;19000
VW;Polo;Blue;4650
Skoda;Rapid;Blue;21500
VW;Polo;Blue;5075
Renault;Kaptur;Blue;1300
Renault;Kaptur;Blue;56092
Volvo;XC60;Blue;8025
Renault;Kaptur;Blue;1625
VW;Polo;Blue;3050
VW;Polo;Blue;19000
Renault;Kaptur;Blue;20600
Renault;Kaptur;Blue;1300
Renault;Kaptur;Blue;3216
VW;Polo;Blue;1550
VW;Polo;Blue;12000
Audi;Audi A3;Blue;3952
Renault;Kaptur;Blue;2566
VW;Polo;Blue;1520
Renault;Kaptur;Blue;8116
VW;Polo;Blue;25520
VW;Polo;Blue;1645
Renault;Kaptur;Blue;10500
Renault;Kaptur;Blue;12000
Renault;Kaptur;Blue;55500
VW;Polo;Blue;27375
Volvo;XC60;Blue;13880
Renault;Kaptur;Blue;3600
Renault;Kaptur;Blue;8200
Renault;Kaptur;Blue;1425
Mercedes; C180 ;Blue;10500
Mercedes; C180 ;Blue;53600
Renault;Kaptur;Blue;1425
Volvo;XC60;Blue;13705
Renault;Kaptur;Blue;83433
Renault;Kaptur;Blue;9000
Renault;Kaptur;Blue;2150
Renault;Kaptur;Blue;57427
Volvo;XC90;Blue;3500
Volvo;XC90;Blue;7350
VW;Polo;Blue;14440
Renault;Kaptur;Blue;8116
Renault;Kaptur;Blue;28390
Renault;Kaptur;Blue;825
;;Blue;19300
;;Blue;3252
Renault;Kaptur;Blue;1995
Renault;Kaptur;Blue;35450
Renault;Kaptur;Blue;250
Renault;Kaptur;Blue;65710
Renault;Kaptur;Blue;
VW;Polo;Blue;27045
VW;Polo;Blue;15400
VW;Polo;Blue;275
Renault;Kaptur;Blue;300
Renault;Kaptur;Blue;175
Renault;Kaptur;Blue;1875
Renault;Kaptur;Blue;2266
Renault;Kaptur;Blue;175
Renault;Kaptur;Blue;4100
Volvo;XC90;Blue;13630
Volvo;XC90;Blue;125
VW;Polo;Blue;1300
VW;Polo;Blue;172,5
VW;Polo;Blue;20820
VW;Polo;Blue;350
VW;Polo;Blue;8750
VW;Polo;Blue;16000
Citroen;Jumpy;Blue;53800
Renault;Kaptur;Blue;1720
VW;Polo;Blue;99933
VW;Polo;Blue;29350
VW;Polo;Blue;17620
VW;Polo;Blue;400
Renault;Kaptur;Blue;8160
Renault;Kaptur;Blue;275
Renault;Kaptur;Blue;7866
Renault;Kaptur;Blue;1800
VW;Dokker;Blue;8550
Renault;Kaptur;Blue;2266
Renault;Kaptur;Blue;12500
Skoda;Rapid;Blue;1790
Skoda;Rapid;Blue;11450
VW;Polo;Blue;1300
VW;Polo;Blue;275
VW;Dokker;Blue;26900
VW;Polo;Blue;2440
Renault;Kaptur;Blue;550
Renault;Kaptur;Blue;7866
Nissan;Qashqai;Blue;5800
Renault;Kaptur;Blue;
Renault;Kaptur;Blue;1300
Renault;Kaptur;Blue;100
Renault;Kaptur;Blue;46000
Renault;Kaptur;Blue;5250
Renault;Kaptur;Blue;37,5
VW;Polo;Blue;7100
VW;Polo;Blue;275
VW;Polo;Blue;12890
VW;Polo;Blue;17000
Citroen;Jumpy;Blue;1300
Citroen;Jumpy;Blue;4600
Citroen;Jumpy;Blue;10210
VW;Polo;Blue;20100
VW;Polo;Blue;125
Renault;Kaptur;Blue;46014
Renault;Kaptur;Blue;225
Renault;Kaptur;Blue;1966
VW;Polo;Blue;19800
VW;Polo;Blue;1500
VW;Polo;Blue;18500
VW;Polo;Blue;18000
Renault;Kaptur;Blue;39230
Renault;Kaptur;Blue;125
Renault;Kaptur;Blue;1300
Renault;Kaptur;Blue;28447
Renault;Kaptur;Blue;10652
Renault;Kaptur;Blue;3766
Renault;Kaptur;Blue;25110
Renault;Kaptur;Blue;24000
Skoda;Rapid;Blue;65790
Skoda;Rapid;Blue;25000
Skoda;Rapid;Blue;1400
Skoda;Rapid;Blue;19740
Renault;Kaptur;Blue;25544
VW;Dokker;Blue;7900
Renault;Kaptur;Blue;1720
VW;Polo;Blue;48805
VW;Polo;Blue;6500
Volvo;XC90;Blue;7650
Volvo;XC90;Blue;200
Nissan;Qashqai;Blue;118865
Renault;Kaptur;Blue;21800
Citroen;Jumpy;Blue;
VW;Polo;Blue;77045
VW;Polo;Blue;12500
VW;Polo;Blue;662,5
VW;Polo;Blue;28800
VW;Polo;Blue;8500
Volvo;XC60;Blue;22110
Volvo;XC60;Blue;150
VW;Transporter;Blue;25800
VW;Transporter;Blue;220
Renault;Kaptur;Blue;1720
VW;Polo;Blue;48830
VW;Polo;Blue;25500
VW;Polo;Blue;440
Renault;Kaptur;Blue;1300
Renault;Kaptur;Blue;550
Renault;Kaptur;Blue;13042
VW;Polo;Blue;9050
Nissan;Qashqai;Blue;56360
Renault;Kaptur;Blue;250
Renault;Kaptur;Blue;1720
Renault;Kaptur;Blue;1720
VW;Polo;Blue;12300
VW;Polo;Blue;1500
VW;Polo;Blue;125
VW;Polo;Blue;19500
Audi;Audi A3;Blue;14440
Audi;Audi A3;Blue;440
Renault;Kaptur;Blue;
Renault;Kaptur;Blue;1300
Renault;Kaptur;Blue;320
Renault;Kaptur;Blue;29042
;;Blue;28357
Renault;Kaptur;Blue;1720
VW;Polo;Blue;2170
VW;Polo;Blue;75
VW;Polo;Blue;9500
Renault;Kaptur;Blue;9500
Renault;Kaptur;Blue;440
Renault;Kaptur;Blue;8500
Renault;Kaptur;Blue;19300
Renault;Kaptur;Blue;125
VW;Dokker;Blue;9200
VW;Dokker;Blue;100
VW;Dokker;Blue;1700
Renault;Kaptur;Blue;1720
Renault;Kaptur;Blue;300
Volvo;XC60;Blue;13630
Volvo;XC60;Blue;100
Renault;Kaptur;Blue;1720
Renault;Kaptur;Blue;612,5
Renault;Kaptur;Blue;3800
Renault;Kaptur;Blue;1720
Renault;Kaptur;Blue;1900
Renault;Kaptur;Blue;1600
Renault;Kaptur;Blue;350
Renault;Kaptur;Blue;125
Renault;Kaptur;Blue;1720
Renault;Kaptur;Blue;950
Skoda;Rapid;Blue;21330
Skoda;Rapid;Blue;700
Skoda;Rapid;Blue;10850
Renault;Kaptur;Blue;1720
Renault;Kaptur;Blue;125
Nissan;Qashqai;Blue;28800
Nissan;Qashqai;Blue;550
VW;Polo;Blue;16000
VW;Polo;Blue;300
Nissan;Qashqai;Blue;44400
Renault;Kaptur;Blue;1900
Renault;Kaptur;Blue;125
Renault;Kaptur;Blue;35400
Renault;Kaptur;Blue;1720
Renault;Kaptur;Blue;62,5
Skoda;Rapid;Blue;28060
Skoda;Rapid;Blue;1375
VW;Polo;Blue;55575
VW;Polo;Blue;550
VW;Polo;Blue;700
Renault;Kaptur;Blue;1720
Renault;Kaptur;Blue;100
Renault;Kaptur;Blue;300
Renault;Kaptur;Blue;250
;;Blue;9200
;;Blue;50
Renault;Kaptur;Blue;96422
Volvo;XC90;Blue;7650
Renault;Kaptur;Blue;409945
Skoda;Rapid;Blue;1000
Skoda;Rapid;Blue;24750
VW;Polo;Blue;144590
VW;Polo;Blue;27632
Nissan;Qashqai;Blue;2300
Nissan;Qashqai;Blue;275
VW;Polo;Blue;12500
VW;Polo;Blue;37,5
VW;Polo;Blue;1170
Renault;Kaptur;Blue;23800
Renault;Kaptur;Blue;800
Renault;Kaptur;Blue;1720
Renault;Kaptur;Blue;250
Renault;Kaptur;Blue;124674
Renault;Kaptur;Blue;220
Skoda;Rapid;Blue;800
Skoda;Rapid;Blue;2760
Skoda;Rapid;Blue;5960
Renault;Kaptur;Blue;1720
Renault;Kaptur;Blue;415
Renault;Kaptur;Blue;1420
Renault;Kaptur;Blue;2000
VW;Transporter;Blue;19300
Renault;Kaptur;Blue;3466
Renault;Kaptur;Blue;1050
Renault;Kaptur;Blue;415
Skoda;Rapid;Blue;27050
Skoda;Rapid;Blue;7940
Skoda;Rapid;Blue;500
Renault;Kaptur;Blue;1420
Renault;Kaptur;Blue;675
Renault;Kaptur;Blue;7666
Renault;Kaptur;Blue;1420
Renault;Kaptur;Blue;675
Renault;Kaptur;Blue;27000
Renault;Kaptur;Blue;1420
Renault;Kaptur;Blue;550
Renault;Kaptur;Blue;1420
Renault;Kaptur;Blue;50
Skoda;Rapid;Blue;400
Skoda;Rapid;Blue;2500
Skoda;Rapid;Blue;13129,66
Renault;Kaptur;Blue;1420
Renault;Kaptur;Blue;1420
Renault;Kaptur;Blue;250
Renault;Kaptur;Blue;2330
Renault;Kaptur;Blue;1420
Renault;Kaptur;Blue;525
VW;Polo;Blue;500
VW;Polo;Blue;11200
Renault;Kaptur;Blue;19830
Renault;Kaptur;Blue;8866
Nissan;Qashqai;Blue;275
Nissan;Qashqai;Blue;47600
VW;Dokker;Blue;4180
Renault;Kaptur;Blue;1420
Nissan;Qashqai;Blue;2300
Volvo;XC90;Blue;31300
Volvo;XC90;Blue;13630
Renault;Kaptur;Blue;1300
Renault;Kaptur;Blue;125
Nissan;Qashqai;Blue;
Renault;Kaptur;Blue;1420
Skoda;Rapid;Blue;29930
Skoda;Rapid;Blue;275
Nissan;Qashqai;Blue;275
Nissan;Qashqai;Blue;28400
Renault;Kaptur;Blue;9000
Renault;Kaptur;Blue;1420
Renault;Kaptur;Blue;275
VW;Polo;Blue;35800
VW;Polo;Blue;8780
VW;Polo;Blue;3000
VW;Polo;Blue;3322
VW;Polo;Blue;275
Skoda;Rapid;Blue;14750
Skoda;Rapid;Blue;9120
Skoda;Rapid;Blue;625
Nissan;Qashqai;Blue;275
Nissan;Qashqai;Blue;14040
VW;Polo;Blue;19300
VW;Polo;Blue;8000
VW;Polo;Blue;3000
Audi;Audi A3;Blue;6663
Audi;Audi A3;Blue;800
Volvo;XC90;Blue;13630
Volvo;XC90;Blue;27000
Volvo;XC90;Blue;37,5
Skoda;Rapid;Blue;18199
Skoda;Rapid;Blue;13000
Skoda;Rapid;Blue;24410
Skoda;Rapid;Blue;715
Skoda;Rapid;Blue;1230
Skoda;Rapid;Blue;18000
Renault;Kaptur;Blue;1420
Renault;Kaptur;Blue;50
Nissan;Qashqai;Blue;2300
VW;Polo;Blue;15540
VW;Polo;Blue;862,5
VW;Polo;Blue;250
Renault;Kaptur;Blue;1420
Renault;Kaptur;Blue;62,5
Renault;Kaptur;Blue;2000
Renault;Kaptur;Blue;1420
Renault;Kaptur;Blue;37,5
VW;Polo;Blue;46800
Renault;Kaptur;Blue;1420
Renault;Kaptur;Blue;75
Renault;Kaptur;Blue;2000
Nissan;Qashqai;Blue;82396
Nissan;Qashqai;Blue;10100
Nissan;Qashqai;Blue;330
Audi;Audi A3;Blue;42050
Audi;Audi A3;Blue;220
Audi;Audi A3;Blue;3120
Audi;Audi A3;Blue;16329
Renault;Kaptur;Blue;10966
Renault;Kaptur;Blue;800
Renault;Kaptur;Blue;1420
Renault;Kaptur;Blue;62,5
Renault;Kaptur;Blue;1420
Renault;Kaptur;Blue;337,5
Mercedes; C180 ;Blue;22200
Mercedes;E213;Blue;11400
VW;Polo;Blue;500
VW;Polo;Blue;950
VW;Polo;Blue;2650
VW;Polo;Blue;22400
VW;Polo;Blue;275
VW;Polo;Blue;56280
Skoda;Rapid;Blue;42700
Skoda;Rapid;Blue;1137,5
Skoda;Rapid;Blue;41590
Skoda;Rapid;Blue;6460
VW;Polo;Blue;2022
VW;Polo;Blue;22280
VW;Polo;Blue;400
VW;Polo;Blue;12350
VW;Polo;Blue;5600
VW;Polo;Blue;250
VW;Polo;Blue;21350
Renault;Kaptur;Blue;33380
Renault;Kaptur;Blue;3690
Renault;Kaptur;Blue;3520
Renault;Kaptur;Blue;75
Renault;Kaptur;Blue;7866
Renault;Kaptur;Blue;37,5
;;Blue;
Renault;Kaptur;Blue;36361
Renault;Kaptur;Blue;100
Audi;Audi A3;Blue;14100
Renault;Kaptur;Blue;1915
Renault;Kaptur;Blue;20500
Renault;Kaptur;Blue;1420
Renault;Kaptur;Blue;1485
Renault;Kaptur;Blue;2000
Renault;Kaptur;Blue;1420
Renault;Kaptur;Blue;75
Renault;Kaptur;Blue;1420
Renault;Kaptur;Blue;250
Renault;Kaptur;Blue;12500
Renault;Kaptur;Blue;1465
Renault;Kaptur;Blue;1420
Nissan;Qashqai;Blue;2575
Volvo;XC90;Blue;7775
Nissan;Qashqai;Blue;6590
Renault;Kaptur;Blue;8116
Renault;kaptur;Blue;14300
Renault;kaptur;Blue;5250
Renault;Kaptur;Blue;2266
Renault;Kaptur;Blue;525
Skoda;Rapid;Blue;35760
Skoda;Rapid;Blue;10500
Skoda;Rapid;Blue;715
Renault;Kaptur;Blue;18800
Renault;Kaptur;Blue;9000
Volvo;XC90;Blue;2375
VW;Polo;Blue;13040
VW;Polo;Blue;2892
VW;Polo;Blue;11000
Renault;Kaptur;Blue;56110
Renault;Kaptur;Blue;37,5
Renault;Kaptur;Blue;44330
Renault;Kaptur;Blue;675
Skoda;Rapid;Blue;33550
Skoda;Rapid;Blue;5600
Renault;Kaptur;Blue;23610
Renault;Kaptur;Blue;125
Nissan;Qashqai;Blue;8125
VW;Polo;Blue;24880
VW;Polo;Blue;1300
Renault;Kaptur;Blue;23200
Renault;Kaptur;Blue;325
VW;Polo;Blue;275
VW;Polo;Blue;45850
VW;Polo;Blue;27440
VW;Polo;Blue;775
Mercedes;E213;Blue;24100
Mercedes;E213;Blue;57237
Mercedes;E213;Blue;13400
Mercedes; C180 ;Blue;56954
;Mercedes;Blue;4650
VW;Transporter;Blue;23540
VW;Transporter;Blue;1000
Renault;Kaptur;Blue;5400
Nissan;Qashqai;Blue;104147
Nissan;Qashqai;Blue;275
;Mercedes;Blue;
Audi;Audi A3;Blue;194229
Audi;Audi A3;Blue;400
VW;Polo;Blue;27840
Renault;Kaptur;Blue;19300
Renault;Kaptur;Blue;1420
Renault;Kaptur;Blue;250
Nissan;Qashqai;Blue;8450
Nissan;Qashqai;Blue;550
Renault;Kaptur;Blue;8116
Renault;Kaptur;Blue;1912,5
VW;Polo;Blue;400
VW;Polo;Blue;22220
Renault;Kaptur;Blue;3266
Renault;Kaptur;Blue;
Renault;Kaptur;Blue;8666
Renault;Kaptur;Blue;8500
Nissan;Qashqai;Blue;20600
Renault;Kaptur;Blue;4150
VW;Dokker;Blue;2600
VW;Dokker;Blue;22900
Renault;Kaptur;Blue;1420
Skoda;Rapid;Blue;36150
Skoda;Rapid;Blue;1100
Renault;Kaptur;Blue;17900
Renault;Kaptur;Blue;24200
Renault;Kaptur;Blue;219713
Skoda;Rapid;Blue;35140
Skoda;Rapid;Blue;6925
Renault;Kaptur;Blue;16050
Renault;Kaptur;Blue;9500
Renault;Kaptur;Blue;43450
Renault;Kaptur;Blue;350
Renault;Kaptur;Blue;1420
VW;Polo;Blue;1300
VW;Polo;Blue;7475
Renault;Kaptur;Blue;9500
Renault;Kaptur;Blue;8000
VW;Polo;Blue;2500
VW;Polo;Blue;300
VW;Polo;Blue;8000
Nissan;Qashqai;Blue;550
Nissan;Qashqai;Blue;21000
Nissan;Qashqai;Blue;2300
Nissan;Qashqai;Blue;17100
Renault;Kaptur;Blue;2300
Renault;Kaptur;Blue;
VW;Dokker;Blue;5000
VW;Dokker;Blue;105900
;Mercedes;Blue;15450
;Mercedes;Blue;1500
Mercedes; C180 ;Blue;13400
Nissan;Qashqai;Blue;86787
Renault;Kaptur;Blue;4919
Renault;Kaptur;Blue;300
Renault;Kaptur;Blue;17200
Renault;Kaptur;Blue;7866
Renault;Kaptur;Blue;5475
Renault;Kaptur;Blue;39314
Renault;Kaptur;Blue;325
Renault;Kaptur;Blue;1850
Renault;Kaptur;Blue;25314
Renault;Kaptur;Blue;50
VW;Polo;Green;9500
VW;Polo;Green;850
VW;Polo;Green;9000
Skoda;Rapid;Green;14100
Skoda;Rapid;Green;890
Skoda;Rapid;Green;12500
Skoda;Rapid;Green;11850
Skoda;Rapid;Green;7060
Nissan;Qashqai;Green;2300
Renault;kaptur;Green;1300
Renault;kaptur;Green;300
VW;Polo;Green;24450
VW;Polo;Green;11000
VW;Polo;Green;19000
VW;Polo;Green;12500
VW;Polo;Green;19300
Skoda;Rapid;Green;30070
Skoda;Rapid;Green;23625
VW;Polo;Green;26140
VW;Polo;Green;53800
Peugeot;Expert;Green;26910
Peugeot;Expert;Green;800
Renault;Kaptur;Green;375
Renault;Kaptur;Green;1420
Renault;Kaptur;Green;6250
Renault;Kaptur;Green;62,5
Renault;Kaptur;Green;5475
VW;Dokker;Green;7200
Renault;Kaptur;Green;1420
Audi;Audi A3;Green;1620
Audi;Audi A3;Green;14000
Renault;Kaptur;Green;8537,5
Renault;Kaptur;Green;1420
Nissan;Qashqai;Green;550
Nissan;Qashqai;Green;42883
Skoda;Rapid;Green;
Renault;Kaptur;Green;5250
Renault;Kaptur;Green;20500
;Mercedes;Green;36450
;Mercedes;Green;6050
Renault;Kaptur;Green;250
Renault;Kaptur;Green;1420
Renault;Kaptur;Green;1420
Renault;Kaptur;Green;75
Renault;Kaptur;Green;1420
Renault;Kaptur;Green;1720
Renault;Kaptur;Green;21530
Renault;Kaptur;Green;3500
Renault;Kaptur;Green;1420
VW;Polo;Green;33300
VW;Polo;Green;1255
Renault;Kaptur;Green;1420
Renault;Kaptur;Green;1420
;Mercedes;Green;64408
;Mercedes;Green;8365
Renault;Kaptur;Green;1120
Renault;Kaptur;Green;8500
Renault;Kaptur;Green;1000
Renault;Kaptur;Green;1420
Audi;Audi A3;Green;33900
Audi;Audi A3;Green;18500
Audi;Audi A3;Green;48120
VW;Polo;Green;1300
VW;Polo;Green;800
VW;Polo;Green;31000
Skoda;Rapid;Green;26650
Skoda;Rapid;Green;4015
Renault;Kaptur;Green;5219
Renault;Kaptur;Green;75
Renault;Kaptur;Green;1720
Renault;Kaptur;Green;175
Volvo;XC90;Green;7650
Volvo;XC90;Green;125
Nissan;Qashqai;Green;29780
Nissan;Qashqai;Green;440
Renault;Kaptur;Green;2450
Renault;Kaptur;Green;1720
Renault;Kaptur;Green;9500
Renault;Kaptur;Green;1720
Renault;Kaptur;Green;125
Renault;Kaptur;Green;1720
Renault;Kaptur;Green;2180
Renault;Kaptur;Green;14300
Renault;Kaptur;Green;1720
Renault;Kaptur;Green;100
VW;Polo;Green;1000
VW;Polo;Green;9400
VW;Polo;Green;760
VW;Polo;Green;
Volvo;XC90;Green;300
Renault;Kaptur;Green;9500
Renault;Kaptur;Green;5475
Renault;Kaptur;Green;16800
Renault;Kaptur;Green;1720
Renault;Kaptur;Green;64559
Renault;Kaptur;Green;18500
Renault;Kaptur;Green;1300
Renault;Kaptur;Green;550
Renault;Kaptur;Green;4266
Renault;Kaptur;Green;235
Skoda;Rapid;Green;14550
Skoda;Rapid;Green;477,5
VW;Polo;Green;455
VW;Polo;Green;38712
Volvo;XC60;Green;13630
Volvo;XC60;Green;75
Renault;kaptur;Green;
VW;Polo;Green;3300
VW;Polo;Green;10800
Renault;kaptur;Green;2300
Renault;kaptur;Green;25410
;С180;Green;287030
Renault;kaptur;Green;7300
Renault;kaptur;Green;660
VW;Polo;Green;30150
VW;Polo;Green;1740
VW;Polo;Green;21500
Renault;Kaptur;Green;57507
Renault;Kaptur;Green;54550
Renault;Kaptur;Green;11000
Renault;Kaptur;Green;175
Nissan;Qashqai;Green;240735
Nissan;Qashqai;Green;48560
Renault;Kaptur;Green;1720
Renault;Kaptur;Green;125
Renault;Kaptur;Green;1720
Renault;Kaptur;Green;123297
Renault;Kaptur;Green;2175
Skoda;Rapid;Green;25550
Skoda;Rapid;Green;10450
Renault;Kaptur;Green;48010
Renault;Kaptur;Green;165
Renault;Kaptur;Green;13450
Renault;Kaptur;Green;1720
Renault;Kaptur;Green;6200
Renault;Kaptur;Green;63557
;;Green;15300
Renault;Kaptur;Green;1720
Nissan;Qashqai;Green;17900
Nissan;Qashqai;Green;2300
Renault;Kaptur;Green;4500
Renault;Kaptur;Green;2241
Audi;Audi A3;Green;7200
Renault;Kaptur;Green;2541
Skoda;Rapid;Green;9650
Skoda;Rapid;Green;16010
Skoda;Rapid;Green;11275
Nissan;Qashqai;Green;98177
Nissan;Qashqai;Green;220
Renault;Kaptur;Green;1720
Renault;Kaptur;Green;4600
VW;Polo;Green;12200
VW;Polo;Green;1125
Renault;Kaptur;Green;11300
Renault;Kaptur;Green;5475
Nissan;Qashqai;Green;8790
Nissan;Qashqai;Green;4000
Skoda;Rapid;Green;5450
Skoda;Rapid;Green;362,5
Skoda;Rapid;Green;1750
Skoda;Rapid;Green;14050
Volvo;XC60;Green;8150
Volvo;XC60;Green;100
Nissan;Qashqai;Green;2575
Renault;Kaptur;Green;1990
Renault;Kaptur;Green;7690
Renault;Kaptur;Green;80886
Renault;Kaptur;Green;725
Renault;Kaptur;Green;5250
Renault;Kaptur;Green;2580
Renault;Kaptur;Green;23000
Nissan;Qashqai;Green;2900
Nissan;Qashqai;Green;16500
VW;Polo;Green;1300
VW;Polo;Green;16300
Renault;Kaptur;Green;575
Audi;Audi A3;Green;11075
Audi;Audi A3;Green;45775
Nissan;Qashqai;Green;46240
Renault;Kaptur;Green;50785
VW;Polo;Green;400
VW;Polo;Green;15090
Nissan;Qashqai;Green;13690
Nissan;Qashqai;Green;125
Nissan;Qashqai;Green;
Renault;Kaptur;Green;1300
Renault;Kaptur;Green;2941
Skoda;Rapid;Green;27350
Skoda;Rapid;Green;805
VW;Polo;Green;13790
VW;Polo;Green;9750
Renault;Kaptur;Green;125
Renault;Kaptur;Green;1720
Renault;Kaptur;Green;200
;Mercedes;Green;8540
Mercedes; C180 ;Green;700
Renault;Kaptur;Green;400
VW;Polo;Green;20190
VW;Polo;Green;3097
VW;Polo;Green;13500
VW;Polo;Green;8500
VW;Polo;Green;1300
VW;Polo;Green;400
VW;Polo;Green;22150
VW;Polo;Green;22250
VW;Polo;Green;18750
VW;Polo;Green;2900
Skoda;Rapid;Green;33370
Skoda;Rapid;Green;10050
VW;Polo;Green;9050
VW;Polo;Green;6137
Renault;kaptur;Green;21800
VW;Polo;Green;48610
VW;Polo;Green;17500
VW;Polo;Green;1475
VW;Dokker;Green;1350
Renault;Kaptur;Green;219273
VW;Polo;Green;19150
VW;Polo;Green;22000
VW;Polo;Green;825
VW;Polo;Green;18200
VW;Polo;Green;14500
VW;Polo;Green;10800
Renault;kaptur;Green;49200
Renault;kaptur;Green;400
Nissan;Qashqai;Green;98665
Renault;kaptur;Green;52564
Renault;kaptur;Green;350
Nissan;Qashqai;Green;6590
VW;Dokker;Green;20630
VW;Dokker;Green;825
VW;Polo;Green;6240
VW;Polo;Green;870
VW;Polo;Green;15750
Nissan;Qashqai;Green;21550
;Mercedes;Green;13400
Mercedes; C180 ;Green;23540
Renault;Kaptur;Green;
VW;Polo;Green;1300
VW;Polo;Green;6500
VW;Polo;Green;10660
VW;Polo;Green;7500
VW;Polo;Green;16300
VW;Polo;Green;54300
VW;Polo;Green;820
Nissan;Qashqai;Green;39400
Nissan;Qashqai;Green;4500
VW;Dokker;Green;14395
VW;Dokker;Green;
Skoda;Rapid;Green;7950
Renault;Kaptur;Green;4625
Renault;Kaptur;Green;1420
Renault;Kaptur;Green;2165
VW;Polo;Green;36130
VW;Polo;Green;3072
VW;Polo;Green;22740
VW;Polo;Green;16125
VW;Polo;Green;17500
Renault;Kaptur;Green;12500
Renault;Kaptur;Green;2125
VW;Polo;Green;15550
VW;Polo;Green;10500
VW;Polo;Green;12350
VW;Polo;Green;13500
VW;Caravella;Green;37300
VW;Caravella;Green;9400
Nissan;Qashqai;Green;131929
Renault;Kaptur;Green;250
Nissan;Qashqai;Green;33460
Nissan;Qashqai;Green;275
VW;Dokker;Green;11925
;;Green;
VW;Polo;Green;215260
VW;Polo;Green;550
Renault;Kaptur;Green;1420
Renault;Kaptur;Green;400
Nissan;Qashqai;Green;17770
Nissan;Qashqai;Green;275
Nissan;Qashqai;Green;3100
Nissan;Qashqai;Green;275
VW;Polo;Green;
Renault;Kaptur;Green;27730
Renault;Kaptur;Green;290
Renault;Kaptur;Green;14500
Renault;Kaptur;Green;8625
Renault;Kaptur;Green;525
Renault;Kaptur;Green;365
Nissan;Qashqai;Green;7800
Nissan;Qashqai;Green;550
VW;Polo;Green;20562
VW;Polo;Green;550
Renault;Kaptur;Green;1420
Nissan;Qashqai;Green;57315
Nissan;Qashqai;Green;275
Nissan;Qashqai;Green;17600
Nissan;Qashqai;Green;4380
Renault;Kaptur;Green;275
Renault;Kaptur;Green;9500
Renault;Kaptur;Green;6700
Volvo;Volvo;Green;6280
Volvo;Volvo;Green;50
Citroen;Jumpy;Green;4175
Citroen;Jumpy;Green;34870
Renault;kaptur;Green;183812
Renault;kaptur;Green;300
Skoda;Rapid;Green;61460
Skoda;Rapid;Green;400
VW;Polo;Green;24600
VW;Polo;Green;17100
VW;Polo;Green;2022
Renault;kaptur;Green;35800
Nissan;Qashqai;Green;27360
Nissan;Qashqai;Green;61960
Nissan;Qashqai;Green;4590
Nissan;Qashqai;Green;550
Renault;Kaptur;Green;250
Skoda;Rapid;Green;1300
Skoda;Rapid;Green;215
Skoda;Rapid;Green;15129,66
Renault;kaptur;Green;2966
Renault;kaptur;Green;11690
Nissan;Qashqai;Green;154250
Skoda;Rapid;Green;26650
Skoda;Rapid;Green;14629,66
Skoda;Rapid;Green;125
Audi;Audi A3;Green;234179
Audi;Audi A3;Green;250
Renault;Kaptur;Green;11000
Renault;Kaptur;Green;16000
Nissan;Qashqai;Green;101085
VW;Polo;Green;26820
VW;Polo;Green;575
Nissan;Qashqai;Green;104667
VW;Polo;Green;10600
VW;Polo;Green;350
VW;Polo;Green;6500
Nissan;Qashqai;Green;10950
Nissan;Qashqai;Green;550
VW;Caravella;Green;4800
Mercedes;E213;Green;5280
Mercedes;E213;Green;7000
Mercedes;E213;Green;17400
Renault;kaptur;Green;1420
Renault;Kaptur;Green;120320
Renault;Kaptur;Green;11000
VW;Polo;Green;79115
VW;Polo;Green;500
Nissan;Qashqai;Green;55880
Nissan;Qashqai;Green;3067,5
Renault;kaptur;Green;103236
Renault;kaptur;Green;250
VW;Polo;Green;31545
VW;Polo;Green;2050
Skoda;Rapid;Green;25350
Skoda;Rapid;Green;29490
Skoda;Rapid;Green;21450
Skoda;Rapid;Green;2460
Skoda;Rapid;Green;69550
Skoda;Rapid;Green;8580
Renault;Kaptur;Green;
Renault;Kaptur;Green;18350
Renault;Kaptur;Green;14300
Nissan;Qashqai;Green;8700
Nissan;Qashqai;Green;550
Renault;Kaptur;Green;3800
Renault;Kaptur;Green;4550
VW;Dokker;Green;550
Renault;Kaptur;Green;1420
Renault;Kaptur;Green;75
VW;Polo;Green;1300
VW;Polo;Green;350
VW;Polo;Green;11340
Mercedes; C180 ;Green;
Nissan;Qashqai;Green;8700
Nissan;Qashqai;Green;165
VW;Polo;Green;33120
VW;Polo;Green;6500
Renault;Kaptur;Green;6000
Renault;Kaptur;Green;250
Volvo;Volvo;Green;18880
Volvo;Volvo;Green;75
VW;Polo;Green;26300
VW;Polo;Green;1000
Audi;Audi A3;Green;7300
Audi;Audi A3;Green;17500
Audi;Audi A3;Green;63650
Audi;Audi A3;Green;500
Nissan;Qashqai;Green;26800
Nissan;Qashqai;Green;9875
Nissan;Qashqai;Green;15380
Nissan;Qashqai;Green;129170
Nissan;Qashqai;Green;400
Audi;Audi A3;Green;2800
Audi;Audi A3;Green;275
VW;Polo;Green;13040
VW;Polo;Green;165
Mercedes; C180 ;Green;4800
Mercedes;E213;Green;24250
VW;Polo;Green;1300
VW;Polo;Green;400
VW;Polo;Green;15100
VW;Polo;Green;21650
VW;Polo;Green;29750
VW;Polo;Green;1500
Renault;Kaptur;Green;7866
Renault;Kaptur;Green;675
Renault;Kaptur;Green;
Skoda;Rapid;Green;55250
VW;Polo;Green;58650
VW;Polo;Green;125
Renault;kaptur;Green;45850
Renault;kaptur;Green;7550
Nissan;Qashqai;Green;116401
Nissan;Qashqai;Green;26757
Nissan;Qashqai;Green;275
Audi;Audi A3;Green;800
Audi;Audi A3;Green;312400
Audi;Audi A3;Green;22200
Nissan;Qashqai;Green;4500
Nissan;Qashqai;Green;550
Renault;kaptur;Green;4225
Renault;kaptur;Green;1420
Nissan;Qashqai;Green;47020
Nissan;Qashqai;Green;5900
Mercedes;E213;Green;21000
Audi;Audi A3;Green;79290
Audi;Audi A3;Green;1530
Renault;kaptur;Green;1300
Renault;kaptur;Green;10500
Renault;kaptur;Green;550
Renault;kaptur;Green;8000
BMW;520di;Green;45603
BMW;X6;Green;6500
BMW;X6;Green;14850
BMW;X6;Green;60350
BMW;X6;Green;19150
BMW;X6;Green;250
Renault;kaptur;Green;1300
Renault;kaptur;Green;500
Renault;kaptur;Green;6100
Renault;kaptur;Green;44340
Skoda;Rapid;Green;24800
Skoda;Rapid;Green;9580
Skoda;Rapid;Green;10000
Skoda;Rapid;Green;400
Skoda;Rapid;Green;1170
Skoda;Rapid;Green;22000
VW;Polo;Green;6200
VW;Polo;Green;3350
Renault;kaptur;Green;7866
Nissan;Qashqai;Green;2300
Nissan;Qashqai;Green;165
VW;Dokker;Green;17265
Nissan;Qashqai;Green;12100
Renault;kaptur;Green;300
Renault;kaptur;Green;275
Renault;kaptur;Green;6700
Renault;kaptur;Green;830
Renault;kaptur;Green;850
Citroen;Jumpy;Green;20950
Citroen;Jumpy;Green;8950
Citroen;Jumpy;Green;675
Skoda;Rapid;Green;36900
Skoda;Rapid;Green;6297,5
VW;Polo;Green;23540
VW;Polo;Green;682,5
Nissan;Qashqai;Green;24600
Nissan;Qashqai;Green;125
VW;Polo;Green;22300
VW;Polo;Green;2050
BMW;520di;Green;72370
BMW;520di;Green;13000
BMW;520di;Green;7500
BMW;X6;Green;8000
BMW;X6;Green;10000
Renault;Kaptur;Green;39851
Renault;Kaptur;Green;575
Nissan;Qashqai;Green;42860
Nissan;Qashqai;Green;11500
Audi;Audi A3;Green;2300
Audi;Audi A3;Green;106695
Nissan;Qashqai;Green;27349
Renault;Kaptur;Green;83532
Renault;Kaptur;Green;275
Renault;Kaptur;Green;5250
Renault;Kaptur;Green;125
VW;Polo;Green;98315
Skoda;Rapid;Green;79200
Skoda;Rapid;Green;6460
Renault;Kaptur;Green;28970
Renault;Kaptur;Green;192,5
Mercedes;E213;Green;65600
Mercedes;E213;Green;75
Renault;Kaptur;Green;64877
Renault;Kaptur;Green;7966
Renault;Kaptur;Green;70450
Renault;Kaptur;Green;290
VW;Dokker;Green;10000
VW;Transporter;Green;1800
VW;Transporter;Green;20300
Renault;Kaptur;Green;6800
Renault;Kaptur;Green;125
VW;Dokker;Green;3050
Nissan;Qashqai;Green;354503
VW;Polo;Green;152261
VW;Polo;Green;13040
VW;Polo;Green;580
VW;Polo;Green;12350
VW;Dokker;Green;1400
Renault;Kaptur;Green;1300
Renault;Kaptur;Green;345
Renault;Kaptur;Green;30000
Renault;Kaptur;Green;500
VW;Polo;Green;1300
VW;Polo;Green;125
Audi;Audi A3;Green;167210,33
Audi;Audi A3;Green;10500
Audi;Audi A3;Green;1740
VW;Polo;Green;16040
VW;Polo;Green;400
Audi;Audi A3;Green;112420
Audi;Audi A3;Green;500
Renault;Kaptur;Green;6700
Nissan;Qashqai;Green;37300
Nissan;Qashqai;Green;2000
Nissan;Qashqai;Green;2000
Skoda;Rapid;Green;25350
Skoda;Rapid;Green;3750
Skoda;Rapid;Green;1175
Skoda;Rapid;Green;21000
VW;Polo;Green;13440
VW;Polo;Green;3325
Renault;kaptur;Green;1420
Renault;kaptur;Green;250
Nissan;Qashqai;Green;3600
VW;Polo;Green;31545
VW;Polo;Green;20450
VW;Polo;Green;500
Nissan;Qashqai;Green;2300
VW;Polo;Green;101713
VW;Polo;Green;3923
VW;Polo;Green;4257
VW;Polo;Green;11334
Renault;kaptur;Green;1300
Renault;kaptur;Green;125
Nissan;Qashqai;Green;23600
Nissan;Qashqai;Green;82287
Nissan;Qashqai;Green;275
Nissan;Qashqai;Green;32200
Nissan;Qashqai;Green;11610
Nissan;Qashqai;Green;193213
VW;Polo;Green;14350
Renault;kaptur;Green;65400
Renault;kaptur;Green;250
Renault;kaptur;Green;4300
Nissan;Qashqai;Green;43917
VW;Polo;Green;11150
VW;Polo;Green;3700
Mercedes;E213;Green;23128
Mercedes;E213;Green;4800
Mercedes;E213;Green;72206
VW;Dokker;Green;24750
VW;Dokker;Green;4950
Volvo;Volvo;Green;84620
Volvo;Volvo;Green;87,5
Nissan;Qashqai;Green;27300
Skoda;Rapid;Green;58850
Nissan;Qashqai;Green;88385
Renault;kaptur;Green;825
Renault;kaptur;Green;500
Renault;kaptur;Green;50160
Renault;kaptur;Green;5250
VW;Dokker;Green;10000
VW;Polo;Green;9300
VW;Polo;Green;4000
VW;Polo;Green;10860
VW;Polo;Green;10210
VW;Polo;Green;33800
Renault;Kaptur;Green;38724
Renault;Kaptur;Green;16500
Renault;Kaptur;Green;550
Skoda;Rapid;Green;17150
Skoda;Rapid;Green;18310
VW;Polo;Green;12500
VW;Polo;Green;20800
VW;Polo;Green;44845
VW;Polo;Green;9400
Renault;Kaptur;Green;13200
Nissan;Qashqai;Green;14300
Nissan;Qashqai;Green;275
Renault;Kaptur;Green;2700
VW;Transporter;Green;28800
VW;Transporter;Green;900
VW;Transporter;Green;125
Renault;Kaptur;Green;5250
Renault;Kaptur;Green;125
Nissan;Qashqai;Green;6590
Nissan;Qashqai;Green;550
Renault;Kaptur;Green;21300
Renault;Kaptur;Green;750
Nissan;Qashqai;Green;7550
Nissan;Qashqai;Green;49700
Renault;Kaptur;Green;15000
Renault;Kaptur;Green;8700
VW;Polo;Green;17120
VW;Polo;Green;9790
Nissan;Qashqai;Green;65240
VW;Polo;Green;1575
Renault;Kaptur;Green;1000
Renault;Kaptur;Green;67510
Nissan;Qashqai;Green;47157
Nissan;Qashqai;Green;275
Renault;Kaptur;Green;38200
Audi;Audi A3;Green;68409
Audi;Audi A3;Green;250
Nissan;Qashqai;Green;18090
VW;Polo;Green;4450
VW;Polo;Green;8750
VW;Polo;Green;550
VW;Polo;Green;28360
VW;Polo;Green;4000
Mercedes;E213;Green;21366
Renault;Kaptur;Green;27000
Renault;Kaptur;Green;6500
Nissan;Qashqai;Green;29600
Nissan;Qashqai;Green;275
Nissan;Qashqai;Green;8600
VW;Polo;Green;46095
VW;Polo;Green;3561,38
VW;Polo;Green;500
VW;Polo;Green;10800
VW;Polo;Green;29800
VW;Polo;Green;38250
Renault;Kaptur;Green;39260
Renault;Kaptur;Green;125
VW;Dokker;Green;800
Skoda;Rapid;Green;94160
Skoda;Rapid;Green;18160
Renault;Kaptur;Green;33453
Renault;Kaptur;Green;250
VW;Polo;Green;61290
VW;Polo;Green;15550
VW;Polo;Green;6500
VW;Polo;Green;21800
VW;Dokker;Green;
Renault;kaptur;Green;1420
Renault;kaptur;Green;250
Renault;kaptur;Green;26100
Renault;kaptur;Green;5250
Renault;kaptur;Green;250
Nissan;Qashqai;Green;30190
Nissan;Qashqai;Green;10500
Renault;kaptur;Green;46890
Renault;kaptur;Green;8500
Renault;kaptur;Green;7566
Renault;kaptur;Green;275
Renault;kaptur;Green;36800
Renault;kaptur;Green;24611
Renault;kaptur;Green;250
Mercedes; C180 ;Green;29800
Mercedes; C180 ;Green;8740
Mercedes; C180 ;Green;73059
Mercedes; C180 ;Green;12300
Mercedes;E213;Green;16500
Renault;kaptur;Green;13800
Renault;kaptur;Green;125
Renault;kaptur;Green;6000
Nissan;Qashqai;Green;29560
Nissan;Qashqai;Green;125
;;Green;6800
VW;Polo;Green;36800
VW;Polo;Green;14650
Renault;Kaptur;Green;12500
Renault;kaptur;Green;1125
Citroen;Jumpy;Green;70979
Skoda;Rapid;Green;2450
Skoda;Rapid;Green;26500
Skoda;Rapid;Green;13825
Nissan;Qashqai;Green;43957
Nissan;Qashqai;Green;275
Renault;kaptur;Green;46012
Skoda;Rapid;Green;31460
Skoda;Rapid;Green;29600
Skoda;Rapid;Green;775
Skoda;Rapid;Green;41730
Skoda;Rapid;Green;13650
Skoda;Rapid;Green;12500
Skoda;Rapid;Green;8500
Renault;Kaptur;Green;1300
Renault;Kaptur;Green;250
Renault;Kaptur;Green;5860
Renault;Kaptur;Green;5100
Renault;Kaptur;Green;1966
Volvo;Volvo;Green;16280
Volvo;Volvo;Green;250
Mercedes;E213;Green;12800
Mercedes;E213;Green;7500
Audi;Audi A3;Green;45210
Audi;Audi A3;Green;21000
Audi;Audi A3;Green;17343
VW;Polo;Green;12300
Nissan;Qashqai;Green;45757
Nissan;Qashqai;Green;500
Nissan;Qashqai;Green;650
Renault;Kaptur;Green;250
Nissan;Qashqai;Green;6400
Nissan;Qashqai;Green;275
Nissan;Qashqai;Green;
VW;Polo;Green;17140
VW;Polo;Green;8750
VW;Polo;Green;525
Citroen;Jumpy;Green;21900
Citroen;Jumpy;Green;850
VW;Polo;Green;10850
VW;Polo;Green;8600
Nissan;Qashqai;Green;4500
;Mercedes;Green;27720
;Mercedes;Green;82100
Renault;Kaptur;Green;250
Audi;Audi A3;Green;14800
Audi;Audi A3;Green;5725
Nissan;Qashqai;Green;8890
Nissan;Qashqai;Green;250
VW;Polo;Green;4300
VW;Polo;Green;8425
Renault;Kaptur;Green;23390
Renault;Kaptur;Green;250
Renault;Kaptur;Green;6700
Renault;Kaptur;Green;125
Nissan;Qashqai;Green;48960
Nissan;Qashqai;Green;12900
Renault;Kaptur;Green;300
Renault;Kaptur;Green;12940
Renault;Kaptur;Green;36840
Renault;Kaptur;Green;3510
Renault;Kaptur;Green;1000
Nissan;Qashqai;Green;6350
Nissan;Qashqai;Green;275
VW;Polo;Green;5700
VW;Polo;Green;45850
VW;Polo;Green;27219
VW;Polo;Green;275
Nissan;Qashqai;Green;54257
Nissan;Qashqai;Green;275
VW;Polo;Green;9170
Renault;kaptur;Green;
Renault;kaptur;Green;39357
;Mercedes;Green;28800
;Mercedes;Green;3675
;Mercedes;Green;86900
Nissan;Qashqai;Green;29800
Nissan;Qashqai;Green;675
Audi;Audi A3;Green;30500
Audi;Audi A3;Green;24800
Audi;Audi A3;Green;3600
VW;Dokker;Green;17000
VW;Dokker;Green;49970
Renault;kaptur;Green;6800
Renault;kaptur;Green;23014
Renault;kaptur;Green;2966
;;Green;375
Nissan;Qashqai;Green;72280
Nissan;Qashqai;Green;165
VW;Polo;Green;79454,66
VW;Polo;Green;22000
VW;Polo;Green;3175
Audi;Audi A3;Green;7911
Audi;Audi A3;Green;235
Nissan;Qashqai;Green;36900
Nissan;Qashqai;Green;2400
Renault;kaptur;Green;1550
Renault;kaptur;Green;10221
Renault;kaptur;Green;250
VW;Polo;Green;9800
Nissan;Qashqai;Green;165
Nissan;Qashqai;Green;11300
VW;Polo;Green;35940
VW;Polo;Green;2715
Renault;Kaptur;Green;51060
Renault;Kaptur;Green;1410
Renault;Kaptur;Green;64876
Renault;Kaptur;Green;525
Skoda;Rapid;Green;18800
Skoda;Rapid;Green;30800
VW;Polo;Green;19300
VW;Polo;Green;1275
Renault;kaptur;Green;80715
Renault;kaptur;Green;275
Volvo;XC60;Green;15847
Volvo;XC60;Green;14500
Renault;Kaptur;Green;1420
Renault;Kaptur;Green;1000
Renault;Kaptur;Green;3200
Renault;Kaptur;Green;2250
VW;Polo;Green;12400
VW;Polo;Green;12050
Nissan;Qashqai;Green;11700
Skoda;Rapid;Green;13250
Skoda;Rapid;Green;3750
Nissan;Qashqai;Green;2300
Citroen;Jumpy;Green;187210
VW;Polo;Green;145568
VW;Polo;Green;15000
VW;Polo;Green;27780
VW;Polo;Green;8800
VW;Polo;Green;820
Nissan;Qashqai;Green;28340
Nissan;Qashqai;Green;183641
Nissan;Qashqai;Green;125
VW;Polo;Green;82910
VW;Polo;Green;6180
VW;Polo;Green;14440
VW;Polo;Green;1320
VW;Polo;Green;13000
Nissan;Qashqai;Green;62769
Nissan;Qashqai;Green;550
;Mercedes;Green;16402
;Mercedes;Green;23800
Renault;Kaptur;Green;19500
Renault;Kaptur;Green;4340
Renault;Kaptur;Green;20800
Renault;Kaptur;Green;10500
Renault;Kaptur;Green;800
Renault;Kaptur;Green;74544
Nissan;Qashqai;Green;8800
VW;Dokker;Green;24365
VW;Dokker;Green;1950
Nissan;Qashqai;Green;49146
Renault;Kaptur;Green;7672
;Mercedes;Green;65331
;Mercedes;Green;10500
;Mercedes;Green;6500
;Mercedes;Green;275
Nissan;Qashqai;Green;54585
Nissan;Qashqai;Green;15562
Audi;Audi A3;Green;39950
Skoda;Rapid;Green;52693
Skoda;Rapid;Green;675
VW;Polo;Green;18797
VW;Polo;Green;6100
VW;Dokker;Green;
Citroen;Jumpy;Green;46300
Citroen;Jumpy;Green;16774
Nissan;Qashqai;Green;14600
Renault;kaptur;Green;4884
Skoda;Rapid;Green;21781
Skoda;Rapid;Green;5684
Renault;Kaptur;Green;52575
Renault;Kaptur;Green;75
Nissan;Qashqai;Green;63010
Renault;Kaptur;Green;20697
Renault;Kaptur;Green;1120
Renault;Kaptur;Green;375
Renault;Kaptur;Green;250
Renault;Kaptur;Green;18500
Renault;Kaptur;Green;75330
Renault;Kaptur;Green;11300
VW;Polo;Green;37892
VW;Polo;Green;22530
VW;Polo;Green;11000
VW;Polo;Green;13047
VW;Polo;Green;550
Renault;Kaptur;Green;
VW;Dokker;Green;2250
Nissan;Qashqai;Green;10016
VW;Polo;Green;2600
VW;Polo;Green;15000
VW;Polo;Green;18647
;Mercedes;Green;5800
Nissan;Qashqai;Green;39286
Nissan;Qashqai;Green;500
Nissan;Qashqai;Green;30300
Nissan;Qashqai;Green;275
Renault;Kaptur;Green;800
Renault;Kaptur;Green;250
Renault;Kaptur;Green;48250
Renault;Kaptur;Green;6478
Renault;Kaptur;Green;9500
VW;Dokker;Green;11929
Renault;Kaptur;Green;8666
Nissan;Qashqai;Green;4991
Nissan;Qashqai;Green;10500
VW;Polo;Green;34664
VW;Polo;Green;18381
Citroen;Jumpy;Green;65170,41
Citroen;Jumpy;Green;1165
Citroen;Jumpy;Green;21000
Citroen;Jumpy;Green;24000
Renault;Kaptur;Green;13816
Renault;Kaptur;Green;375
Renault;Kaptur;Green;18538
Renault;Kaptur;Green;15370
Renault;Kaptur;Green;54440,8
Skoda;Rapid;Green;90101
Skoda;Rapid;Green;550
Nissan;Qashqai;Green;35585
Nissan;Qashqai;Green;550
Nissan;Qashqai;Green;23300
Nissan;Qashqai;Green;14400
Nissan;Qashqai;Green;500
VW;Polo;Green;30780
VW;Polo;Green;8389
Renault;Kaptur;Green;16450
Renault;Kaptur;Green;27523
VW;Dokker;Green;7780
VW;Dokker;Green;
Renault;Kaptur;Green;8860
VW;Polo;Green;33673
VW;Polo;Green;
;Mercedes;Green;141819
Mercedes;E213;Green;14200
Mercedes;E213;Green;35110
Renault;Kaptur;Green;
Skoda;Rapid;Green;24485
Skoda;Rapid;Green;14500
Nissan;Qashqai;Green;27587
Nissan;Qashqai;Green;1050
VW;Dokker;Green;18434
Renault;Kaptur;Green;69157
VW;Polo;Green;
VW;Dokker;Green;11011
VW;Dokker;Green;2593
Nissan;Qashqai;Green;3012
BMW;X6;Green;1535
BMW;X6;Green;199406
Renault;kaptur;Green;1434
Citroen;Jumpy;Green;144839
Citroen;Jumpy;Green;11300
Renault;kaptur;Green;
VW;Transporter;Green;33631
VW;Transporter;Green;3285
VW;Polo;Green;1800
VW;Dokker;Green;
Renault;Kaptur;Green;2090
Renault;kaptur;Green;26064
Peugeot;Expert;Green;40796
Peugeot;Expert;Green;75
Renault;kaptur;Green;17900
Renault;Kaptur;Green;11500
Nissan;Qashqai;Green;24944
Nissan;Qashqai;Green;165
Nissan;Qashqai;Green;22050
Renault;kaptur;Green;23800
Renault;kaptur;Green;950
Renault;Kaptur;Green;5164
Skoda;Rapid;Green;12000
Skoda;Rapid;Green;31278
Skoda;Rapid;Green;29760
Skoda;Rapid;Green;7691
Renault;kaptur;Green;59775
Renault;kaptur;Green;2466
Skoda;Rapid;Green;11733
Skoda;Rapid;Green;2249
Skoda;Rapid;Green;2148
Audi;Audi A3;Green;4347
Audi;Audi A3;Green;7757
VW;Polo;Green;18856
VW;Polo;Green;50
Renault;kaptur;Green;24276
Renault;kaptur;Green;8241
Renault;Kaptur;Green;18690
Renault;Kaptur;Green;250
VW;Polo;Green;3686
VW;Polo;Green;500
VW;Polo;Green;34426
Nissan;Qashqai;Green;30966
Nissan;Qashqai;Green;10935
Renault;Kaptur;Green;39451
Renault;Kaptur;Green;581
VW;Dokker;Green;38761
Skoda;Rapid;Green;70155
Skoda;Rapid;Green;15828
;;Green;825
;;Green;28633
Audi;Audi A3;Green;16206
Audi;Audi A3;Green;290
Renault;Kaptur;Green;21801
Renault;Kaptur;Green;4800
Nissan;Qashqai;Green;22538
Nissan;Qashqai;Green;477,5
Nissan;Qashqai;Green;2300
Renault;Kaptur;Green;11277
Renault;Kaptur;Green;12150
Nissan;Qashqai;Green;44216
Nissan;Qashqai;Green;200
Renault;Kaptur;Green;500
Renault;Kaptur;Green;37306
Renault;Kaptur;Green;93711
Renault;Kaptur;Green;125
VW;Polo;Green;11607
VW;Polo;Green;18489
Nissan;Qashqai;Green;8600
Nissan;Qashqai;Green;500
Renault;Kaptur;Green;
VW;Polo;Green;27496
VW;Polo;Green;25500
VW;Polo;Green;500
Nissan;Qashqai;Green;39308
Nissan;Qashqai;Green;125
Renault;Kaptur;Green;1300
Renault;Kaptur;Green;750
Renault;Kaptur;Green;20468
Renault;Kaptur;Green;125
Skoda;Rapid;Green;33853
Skoda;Rapid;Green;6890
Renault;Kaptur;Green;62963
Audi;Audi A3;Green;57494
Audi;Audi A3;Green;28870
Mercedes;E213;Green;37373
BMW;X6;Green;7391
BMW;X6;Green;139903
Skoda;Rapid;Green;10318
Skoda;Rapid;Green;14185
VW;Dokker;Green;7679
Renault;Kaptur;Green;43479
Renault;Kaptur;Green;2466
Renault;Kaptur;Green;27277
Nissan;Qashqai;Green;43572
VW;Polo;Green;
VW;Polo;Green;14800
VW;Polo;Green;10083
VW;Polo;Green;17674
Renault;Kaptur;Green;2491
Renault;Kaptur;Green;2400
Audi;Audi A3;Green;54443
Audi;Audi A3;Green;125
VW;Dokker;Green;
VW;Polo;Green;17922
VW;Polo;Green;10800
Nissan;Qashqai;Green;23285
Nissan;Qashqai;Green;24150
Nissan;Qashqai;Green;202,5
Renault;Kaptur;Green;7200
Renault;Kaptur;Green;1245
Nissan;Qashqai;Green;30866
Renault;Kaptur;Green;17957
Renault;Kaptur;Green;325
VW;Polo;Green;9380
VW;Polo;Green;182
VW;Polo;Green;34049
Renault;Kaptur;Green;9500
Renault;Kaptur;Green;275
VW;Polo;Green;1350
VW;Polo;Green;18500
Renault;Kaptur;Green;1420
Renault;Kaptur;Green;570
Renault;Kaptur;Green;
VW;Polo;Green;16767
Renault;Kaptur;Green;7921
Renault;Kaptur;Green;10508
Renault;Kaptur;Green;7991
VW;Dokker;Green;6654
Mercedes;E213;Green;24800
VW;Polo;Green;11244
VW;Polo;Green;39392
Mercedes; C180 ;Green;58114
Renault;Kaptur;Green;4321
Renault;Kaptur;Green;17000
VW;Polo;Green;5100
Renault;kaptur;Green;21600
Renault;kaptur;Green;16919
Renault;kaptur;Green;60020
Renault;kaptur;Green;48919
Renault;kaptur;Green;21930
Nissan;Qashqai;Green;64499
Nissan;Qashqai;Green;2879
Nissan;Qashqai;Green;9000
VW;Polo;Green;20376
VW;Polo;Green;10350
VW;Polo;Green;17529
VW;Polo;Green;19387
VW;Polo;Green;5229
Renault;kaptur;Green;35100
Renault;kaptur;Green;625
Renault;kaptur;Green;10300
VW;Polo;Green;7741
VW;Polo;Green;20000
VW;Polo;Green;13000
Nissan;Qashqai;Green;600
Renault;kaptur;Green;9800
Renault;kaptur;Green;25500
Renault;kaptur;Green;24000
Nissan;Qashqai;Green;40784
Nissan;Qashqai;Green;500
Nissan;Qashqai;Green;16414
Mercedes; C180 ;Green;16300
VW;Polo;Green;11187
VW;Polo;Green;32943
VW;Dokker;Green;6869
VW;Dokker;Green;19749
Nissan;Qashqai;Green;2300
Audi;Audi A3;Green;74548
Audi;Audi A3;Green;10495
Audi;Audi A3;Green;10495
VW;Polo;Green;550
VW;Polo;Green;10364
VW;Polo;Green;12800
Skoda;Rapid;Green;23300
Skoda;Rapid;Green;20724
Renault;Kaptur;Green;1400
Renault;Kaptur;Green;27691
Nissan;Qashqai;Green;53105
Nissan;Qashqai;Green;16620
Skoda;Rapid;Green;47184
Skoda;Rapid;Green;20130
Skoda;Rapid;Green;16758
Nissan;Qashqai;Green;46033
Audi;Audi A3;Green;27300
Audi;Audi A3;Green;125
Audi;Audi A3;Green;40405
Audi;Audi A3;Green;112344
Audi;Audi A3;Green;850
VW;Dokker;Green;4324
Nissan;Qashqai;Green;62305
Nissan;Qashqai;Green;850
VW;Polo;Green;21076
VW;Polo;Green;11932
VW;Polo;Green;2092
Audi;Audi A3;Green;18501
Renault;Kaptur;Green;8350
Nissan;Qashqai;Green;9616
Nissan;Qashqai;Green;510
VW;Polo;Green;37093
VW;Polo;Green;1515
Renault;kaptur;Green;4455
Renault;kaptur;Green;12800
Renault;kaptur;Green;275
Renault;Kaptur;Green;550
VW;Caravella;Green;9874
Renault;kaptur;Green;8100
VW;Polo;Green;22253
VW;Polo;Green;735
VW;Polo;Green;16544
Skoda;Rapid;Green;33660
VW;Polo;Green;9000
VW;Polo;Green;9513
VW;Polo;Green;25586
VW;Polo;Green;10825
Nissan;Qashqai;Green;10366
VW;Dokker;Green;
VW;Dokker;Green;8298
Citroen;Jumpy;Green;8586
Renault;kaptur;Green;7200
Renault;kaptur;Green;8281
Audi;Audi A3;Green;32100
Audi;Audi A3;Green;5561
Audi;Audi A3;Green;7500
VW;Polo;Green;16152
VW;Polo;Green;2444
VW;Polo;Green;22500
VW;Polo;Green;30271
Renault;kaptur;Green;49768
Renault;kaptur;Green;275
VW;Polo;Green;16771
VW;Polo;Green;19876
Mercedes; C180 ;Green;6500
Mercedes; C180 ;Green;143191
Skoda;Rapid;Green;21509
Skoda;Rapid;Green;21272
Nissan;Qashqai;Green;8434
Renault;Kaptur;Green;28363
Renault;Kaptur;Green;723
Nissan;Qashqai;Green;43324
Nissan;Qashqai;Green;57324
Audi;Audi A3;Green;394874,72
VW;Dokker;Green;
Volvo;XC60;Green;11753
Mercedes; C180 ;Green;68871
Renault;kaptur;Green;17941
Renault;kaptur;Green;950
Renault;kaptur;Green;21890
Renault;kaptur;Green;12300
Renault;kaptur;Green;22728
Renault;kaptur;Green;7866
Skoda;Rapid;Green;28852
Skoda;Rapid;Green;33361
Skoda;Rapid;Green;21185
VW;Caravella;Green;14197
Nissan;Qashqai;Green;4600
Renault;kaptur;Green;460
Renault;Kaptur;Green;14708
Renault;Kaptur;Green;4723
Renault;kaptur;Green;24800
Renault;kaptur;Green;1300
VW;Dokker;Green;
Renault;kaptur;Green;100
Renault;kaptur;Green;8300
Renault;kaptur;Green;7200
Renault;kaptur;Green;9169
Renault;kaptur;Green;14500
Nissan;Qashqai;Green;36096
Nissan;Qashqai;Green;16870
Nissan;Qashqai;Green;20572
Nissan;Qashqai;Green;34300
Nissan;Qashqai;Green;50
Nissan;Qashqai;Green;924
Nissan;Qashqai;Green;30772
Nissan;Qashqai;Green;13505
VW;Polo;Green;12001
VW;Polo;Green;19485
VW;Polo;Green;6500
Renault;kaptur;Green;24938
Renault;kaptur;Green;19392
Renault;kaptur;Green;21000
Skoda;Rapid;Green;150420
Renault;kaptur;Green;116165
Nissan;Qashqai;Green;46845
Renault;kaptur;Green;2090
Renault;kaptur;Green;7900
Renault;kaptur;Green;2366
VW;Polo;Green;22800
Nissan;Qashqai;Green;20437
Nissan;Qashqai;Green;165
Skoda;Rapid;Green;10390
Skoda;Rapid;Green;14884
Renault;Kaptur;Green;2491
Renault;Kaptur;Green;17000
Renault;Kaptur;Green;24500
Renault;Kaptur;Green;950
Renault;Kaptur;Green;1425
Nissan;Qashqai;Green;8640
Nissan;Qashqai;Green;16570
Renault;Kaptur;Green;1443
Renault;Kaptur;Green;3500
Renault;Kaptur;Green;240
Renault;Kaptur;Green;1447
Renault;Kaptur;Green;3012
Renault;Kaptur;Green;7221
Renault;Kaptur;Green;1447
VW;Dokker;Green;21762
VW;Polo;Green;12887
VW;Polo;Green;17457
Nissan;Qashqai;Green;38372
Renault;kaptur;Green;44155
Renault;kaptur;Green;9444
VW;Dokker;Green;250185
VW;Dokker;Green;10836
Renault;kaptur;Green;8100
Nissan;Qashqai;Green;37600
Renault;kaptur;Green;38800
Renault;kaptur;Green;30900
Renault;kaptur;Green;275
VW;Polo;Green;1300
Skoda;Rapid;Green;94770
Skoda;Rapid;Green;17016,5
Mercedes; C180 ;Green;70800
Renault;kaptur;Green;18600
Mercedes;E213;Green;24800
Renault;kaptur;Green;51227
Renault;kaptur;Green;8105
Renault;kaptur;Green;13500
Skoda;Rapid;Green;1000
Skoda;Rapid;Green;24300
VW;Polo;Green;1575
VW;Polo;Green;19226
Renault;Kaptur;Green;4139
VW;Polo;Green;10217
VW;Polo;Green;7800
VW;Polo;Green;275
Renault;kaptur;Green;572
Renault;kaptur;Green;107699
Mercedes;E213;Green;16753
Mercedes;E213;Green;10000
Mercedes;E213;Green;39400
Skoda;Rapid;Green;34275
Skoda;Rapid;Green;7500
Audi;Audi A3;Green;37300
Renault;kaptur;Green;21190
Renault;kaptur;Green;17369
Renault;kaptur;Green;6500
Renault;kaptur;Green;550
Renault;kaptur;Green;1437
BMW;X6;Green;1683
BMW;X6;Green;9800
BMW;X6;Green;8500
BMW;X6;Green;13042
Renault;kaptur;Green;9960
Renault;kaptur;Green;2190
Nissan;Qashqai;Green;
VW;VW Combi;Green;20500
VW;Caravella;Green;11883
Mercedes; C180 ;Green;18500
;Mercedes;Green;18419
Skoda;Rapid;Green;13576
Skoda;Rapid;Green;14734
Audi;Audi A3;Green;1110
Renault;Kaptur;Green;8081
VW;Polo;Green;64078
VW;Polo;Green;400
Renault;Kaptur;Green;14129
Renault;Kaptur;Green;5250
Renault;Kaptur;Green;11300
Renault;Kaptur;Green;16800
Renault;Kaptur;Green;400
VW;Polo;Green;11800
VW;Polo;Green;9843
VW;Polo;Green;11861
Renault;Kaptur;Green;44371
Renault;Kaptur;Green;8378
Renault;Kaptur;Green;560
Renault;Kaptur;Green;58312
Renault;Kaptur;Green;9800
Renault;Kaptur;Green;1225
Renault;Kaptur;Green;57558
VW;Polo;Green;11942
VW;Polo;Green;500
Peugeot;Expert;Green;71357
VW;Polo;Green;13991
Renault;kaptur;Green;16907
Nissan;Qashqai;Green;56536
Renault;kaptur;Green;9356
Skoda;Rapid;Green;13036
Ford;Transit;Green;68436
Nissan;Qashqai;Green;12240
Nissan;Qashqai;Green;5800
Renault;kaptur;Green;4290
VW;Dokker;Green;22266
Nissan;Qashqai;Green;3784
Skoda;Rapid;Green;19358
Skoda;Rapid;Green;9628
VW;Polo;Green;25915
;Mercedes;Green;5209
;Mercedes;Green;20000
Audi;Audi A3;Green;53500
Audi;Audi A3;Green;15600
Renault;kaptur;Green;1500
;Mercedes;Green;21000
Mercedes; C180 ;Green;15000
Mercedes; C180 ;Green;45500
Mercedes; C180 ;Green;34234
Nissan;Qashqai;Green;5084
Nissan;Qashqai;Green;28343
Renault;Kaptur;Green;4675
Renault;Kaptur;Green;825
Nissan;Qashqai;Green;341
Nissan;Qashqai;Green;26072
Nissan;Qashqai;Green;28670
Nissan;Qashqai;Green;4072
Nissan;Qashqai;Green;16911
Renault;kaptur;Green;11300
Renault;kaptur;Green;2915
Skoda;Rapid;Green;19116
Skoda;Rapid;Green;43000
Skoda;Rapid;Green;42703
VW;Polo;Green;26690
VW;Polo;Green;11300
VW;Polo;Green;3730
RangeRover;Velar;Green;6487
VW;Dokker;Green;34789
Nissan;Qashqai;Green;4910
Volvo;XC60;Green;7211
Renault;kaptur;Green;1750
Renault;kaptur;Green;23794
Audi;Audi A3;Green;46339
VW;Caravella;Green;8000
Renault;kaptur;Green;1775
BMW;520di;Green;1950
Renault;Kaptur;Green;125
Renault;Kaptur;Green;22300
Renault;Kaptur;Green;8565
Renault;kaptur;Green;27232
RangeRover;Velar;Green;
Nissan;Qashqai;Green;9616
VW;Dokker;Green;3350
Renault;kaptur;Green;18869
;Mercedes;Green;27423
;Mercedes;Green;27000
;Mercedes;Green;16800
;Mercedes;Green;12133
Renault;kaptur;Green;13800
Skoda;Rapid;Green;37834
Skoda;Rapid;Green;27000
Skoda;Rapid;Green;10173
Skoda;Rapid;Green;11500
Renault;kaptur;Green;1775
Skoda;Rapid;Green;23757
Skoda;Rapid;Green;13269
Skoda;Rapid;Green;43884
Skoda;Rapid;Green;8528
Renault;kaptur;Green;6800
Renault;kaptur;Green;8100
Renault;kaptur;Green;47675
Skoda;Rapid;Green;13000
Skoda;Rapid;Green;17000
Skoda;Rapid;Green;8828
Skoda;Rapid;Green;11800
Skoda;Rapid;Green;16000
Skoda;Rapid;Green;500
Skoda;Rapid;Green;26997
Skoda;Rapid;Green;12000
BMW;520di;Green;12000
BMW;520di;Green;14357
Renault;kaptur;Green;16800
Nissan;Qashqai;Green;18732
Nissan;Qashqai;Green;2300
Nissan;Qashqai;Green;17752
Nissan;Qashqai;Green;2458
Nissan;Qashqai;Green;11300
Renault;kaptur;Green;6100
Renault;kaptur;Green;9415
Renault;kaptur;Green;12600
VW;Polo;Green;19364
Renault;kaptur;Green;525
VW;Transporter;Green;14480
Skoda;Rapid;Green;46407
Audi;Audi A3;Green;7212
Renault;kaptur;Green;55623
Skoda;Rapid;Green;16742
Skoda;Rapid;Green;7595
Skoda;Rapid;Green;15542
Skoda;Rapid;Green;13685
Skoda;Rapid;Green;31000
Renault;kaptur;Green;33700
Renault;Kaptur;Green;275
Nissan;Qashqai;Green;2300
BMW;520di;Green;11130
BMW;520di;Green;8300
BMW;X6;Green;9169
Renault;kaptur;Green;44212
Renault;kaptur;Green;8100
Nissan;Qashqai;Green;8169
Renault;kaptur;Green;250
VW;Polo;Green;8390
Renault;kaptur;Green;1300
Renault;kaptur;Green;13826
Skoda;Rapid;Green;27046
Skoda;Rapid;Green;9000
Ford;transit;Green;6800
Skoda;Rapid;Green;10439
Skoda;Rapid;Green;24316
Skoda;Rapid;Green;26000
VW;Polo;Green;600
VW;Polo;Green;25950
VW;Polo;Green;20520
VW;Polo;Green;32500
VW;Polo;Green;11666
Renault;Kaptur;Green;29013
Renault;Kaptur;Green;2031
Skoda;Rapid;Green;42437
Skoda;Rapid;Green;15126
Renault;kaptur;Green;9506
Renault;kaptur;Green;10031
VW;Polo;Green;21005
Nissan;Qashqai;Green;2300
VW;Polo;Green;19300
VW;Polo;Green;13952
Renault;kaptur;Green;45513
Renault;kaptur;Green;10300
;Mercedes;Green;107842
;Mercedes;Green;20000
;Mercedes;Green;24894
Renault;kaptur;Green;7630
Nissan;Qashqai;Green;2700
Nissan;Qashqai;Green;30382
Renault;kaptur;Green;2076
VW;Polo;Green;450
VW;Polo;Green;21468
Skoda;Rapid;Green;6792
Renault;kaptur;Green;16283
Renault;kaptur;Green;
Renault;kaptur;Green;9484,8
Renault;kaptur;Green;125
Nissan;Qashqai;Green;2726
Nissan;Qashqai;Green;67307
VW;Polo;Green;4543
VW;Polo;Green;21000
VW;Polo;Green;14409
Nissan;Qashqai;Green;48447
VW;Dokker;Green;2402
VW;Dokker;Green;14554
Renault;kaptur;Green;
Renault;kaptur;Green;8400
BMW;X6;Green;5100
Renault;kaptur;Green;8081
Renault;kaptur;Green;7200
Renault;kaptur;Green;900
Renault;kaptur;Green;69361
Renault;kaptur;Green;21300
Renault;kaptur;Green;1668
Renault;kaptur;Green;34369
VW;Dokker;Green;7906
VW;Dokker;Green;19266
Renault;kaptur;Green;2825
Nissan;Qashqai;Green;2300
Renault;Kaptur;Green;2180
Skoda;Rapid;Green;20414
Skoda;Rapid;Green;13269
Renault;Kaptur;Green;5525
Renault;Kaptur;Green;50150
Renault;Kaptur;Green;2100
Renault;Kaptur;Green;650
Renault;Kaptur;Green;60390
VW;Polo;Green;22000
VW;Polo;Green;23647
VW;Polo;Green;24753
Nissan;Qashqai;Green;4726
Renault;Kaptur;Green;3900
VW;Polo;Green;3505
VW;Polo;Green;12856
Audi;Audi A3;Green;11245
Nissan;Qashqai;Green;15772
Nissan;Qashqai;Green;10600
Nissan;Qashqai;Green;8566
Renault;Kaptur;Green;13274
VW;Polo;Green;9002
Renault;Kaptur;Green;6300
Nissan;Qashqai;Green;9616
Ford;transit;Green;23790
Renault;kaptur;Green;1435
Renault;kaptur;Green;75
Renault;kaptur;Green;2180
Renault;kaptur;Green;8650
Renault;Kaptur;Green;1800
Renault;kaptur;Green;2100
Skoda;Rapid;Green;23820
Renault;kaptur;Green;10900
Renault;kaptur;Green;250
Renault;kaptur;Green;12500
;Mercedes;Green;34316
;Mercedes;Green;7500
Renault;kaptur;Green;28983
Nissan;Qashqai;Green;2300
Renault;kaptur;Green;2100
Renault;kaptur;Green;12600
Renault;kaptur;Green;13500
Renault;kaptur;Green;16500
Renault;kaptur;Green;44444
Renault;kaptur;Green;8131
Citroen;Jumpy;Green;59198
Citroen;Jumpy;Green;969
;Mercedes;Green;32100
Renault;kaptur;Green;2306
Audi;Audi A3;Green;387154,6
Renault;kaptur;Green;3600
Renault;kaptur;Green;8131
Renault;kaptur;Green;2180
Renault;kaptur;Green;21190
Renault;kaptur;Green;1500
Renault;Kaptur;Green;15026
Renault;Kaptur;Green;2720
Renault;kaptur;Green;1300
Nissan;Qashqai;Green;
Renault;kaptur;Green;9500
Renault;kaptur;Green;9421
Renault;kaptur;Green;1000
VW;Polo;Green;25219
VW;Dokker;Green;19066
Renault;kaptur;Green;5426
Skoda;Rapid;Green;16504
Skoda;Rapid;Green;14624
Skoda;Rapid;Green;8000
Volvo;XC60;Green;47021
VW;Polo;Green;13584
VW;Polo;Green;12500
VW;Polo;Green;29699
BMW;X6;Green;44336
Skoda;Rapid;Green;18435
Skoda;Rapid;Green;1000
Skoda;Rapid;Green;20898
Renault;kaptur;Green;35151
Renault;kaptur;Green;1125
Skoda;Rapid;Green;15730
Skoda;Rapid;Green;1954
Skoda;Rapid;Green;12300
Skoda;Rapid;Green;42646
Nissan;Qashqai;Green;2300
Nissan;Qashqai;Green;
Nissan;Qashqai;Green;49629
Nissan;Qashqai;Green;12558
Nissan;Qashqai;Green;4645
Renault;Kaptur;Green;18144,8
Renault;Kaptur;Green;500
Skoda;Rapid;Green;12267
Audi;Audi A3;Green;4800
VW;Polo;Green;
Citroen;Jumpy;Green;1542
Citroen;Jumpy;Green;10800
Citroen;Jumpy;Green;17400
VW;Polo;Green;15407
VW;Polo;Green;19767
Nissan;Qashqai;Green;2800
VW;Dokker;Green;4972
Audi;Audi A3;Green;685
Renault;Kaptur;Green;19300
VW;Polo;Green;22368
Renault;Kaptur;Green;4685
VW;Polo;Green;14026
VW;Polo;Green;8941
Renault;Kaptur;Green;72661
Renault;Kaptur;Green;7260
Renault;Kaptur;Green;16960
Renault;Kaptur;Green;18915
Renault;Kaptur;Green;42858
Renault;Kaptur;Green;8081
Renault;Kaptur;Green;16300
Renault;Kaptur;Green;5267
Skoda;Rapid;Green;6182
VW;VW Combi;Green;
Renault;Kaptur;Green;8081
Renault;Kaptur;Green;5200
;Mercedes;Green;24860
Renault;Kaptur;Green;9000
Renault;Kaptur;Green;8081
Renault;Kaptur;Green;19800
Renault;Kaptur;Green;4250
VW;Polo;Green;2880
VW;Polo;Green;33200
VW;Caravella;Green;18592
VW;Caravella;Green;32500
VW;Caravella;Green;2124
Renault;Kaptur;Green;11100
Renault;Kaptur;Green;8560
Renault;Kaptur;Green;8200
Renault;Kaptur;Green;1000
Renault;Kaptur;Green;18500
VW;Polo;Green;28200
VW;Polo;Green;20596
Skoda;Rapid;Green;6400
Renault;Kaptur;Green;8819
Renault;Kaptur;Green;500
Nissan;Qashqai;Green;
Nissan;Qashqai;Green;31611
Nissan;Qashqai;Green;125
Renault;Kaptur;Green;3280
Renault;Kaptur;Green;11000
Renault;Kaptur;Green;8952
Renault;Kaptur;Green;
Renault;Kaptur;Green;34950
Renault;Kaptur;Green;2031
Renault;Kaptur;Green;1235
Audi;Audi A3;Green;1608
Audi;Audi A3;Green;43232
VW;Polo;Green;7233
VW;Polo;Green;16406
VW;Polo;Green;1575
VW;Polo;Green;33200
Nissan;Qashqai;Green;
BMW;X6;Green;2300
Skoda;Rapid;Green;41169
Skoda;Rapid;Green;15872
Skoda;Rapid;Green;12883
VW;polo;Green;1393
VW;polo;Green;11856
VW;Polo;Green;11156
VW;Polo;Green;14299
Citroen;Jumpy;Green;10453
Citroen;Jumpy;Green;225
VW;Transporter;Green;
Skoda;Rapid;Green;17075,4
Skoda;Rapid;Green;27223
VW;Polo;Green;13300
VW;Polo;Green;1000
VW;Polo;Green;14713,8
Nissan;Qashqai;Green;
Renault;Kaptur;Green;2100
VW;Polo;Green;14300
VW;Polo;Green;1000
Renault;Kaptur;Green;38211
;Mercedes;Green;40182
;Mercedes;Green;4077
VW;Polo;Black;621
VW;Polo;Black;21500
Nissan;Qashqai;Black;40486
VW;Polo;Black;12788
VW;Polo;Black;2193
VW;Transporter;Black;7300
Renault;Kaptur;Black;2100
Renault;Kaptur;Black;5906
Renault;Kaptur;Black;6000
Renault;Kaptur;Black;8382
Renault;Kaptur;Black;7624
Skoda;Rapid;Black;12998
Skoda;Rapid;Black;21346
Nissan;Qashqai;Black;13300
Nissan;Qashqai;Black;7950
VW;Polo;Black;1283
VW;Polo;Black;35000
VW;Polo;Black;14418
Renault;Kaptur;Black;7924
Renault;Kaptur;Black;6124
Renault;Kaptur;Black;1000
Renault;Kaptur;Black;7924
Renault;Kaptur;Black;10007
VW;Polo;Black;13003
VW;Polo;Black;28500
VW;Polo;Black;27091
Renault;Kaptur;Black;8527
Skoda;Rapid;Black;17630
Skoda;Rapid;Black;27500
Skoda;Rapid;Black;8304
VW;Transporter;Black;
;Mercedes;Black;53850
Renault;Kaptur;Black;425
Skoda;Rapid;Black;9300
Skoda;Rapid;Black;20500
Skoda;Rapid;Black;16978
Audi;Audi A3;Black;10890
Audi;Audi A3;Black;14500
VW;Polo;Black;9260
VW;Polo;Black;1900
Renault;Kaptur;Black;350
Renault;Kaptur;Black;8756
VW;Polo;Black;600
Nissan;Qashqai;Black;25572
Skoda;Rapid;Black;51732
Skoda;Rapid;Black;4201
VW;Polo;Black;8090
Skoda;Rapid;Black;34498
Skoda;Rapid;Black;12428
Nissan;Qashqai;Black;725
VW;Polo;Black;20524
VW;Transporter;Black;25100
;Mercedes;Black;15800
;Mercedes;Black;35544
Skoda;Rapid;Black;28100
Renault;Kaptur;Black;1100
Skoda;Rapid;Black;11244
Skoda;Rapid;Black;8000
Skoda;Rapid;Black;7784
Audi;Audi A3;Black;
Nissan;Qashqai;Black;
Nissan;Qashqai;Black;28129
Renault;Kaptur;Black;5102
Renault;Kaptur;Black;9081
VW;Polo;Black;6900
VW;Polo;Black;8966
Renault;Kaptur;Black;8440
Renault;Kaptur;Black;6900
Skoda;Rapid;Black;8662
Skoda;Rapid;Black;9276
VW;VW Combi;Black;10056
VW;VW Combi;Black;10500
Renault;Kaptur;Black;25088
Renault;Kaptur;Black;26000
Renault;Kaptur;Black;11000
Renault;Kaptur;Black;275
Renault;Kaptur;Black;11825
Renault;Kaptur;Black;7360
VW;Polo;Black;12389
VW;Polo;Black;8449
Nissan;Qashqai;Black;3914
Nissan;Qashqai;Black;10544
Nissan;Qashqai;Black;3800
Renault;Kaptur;Black;1287
Renault;Kaptur;Black;15500
Renault;Kaptur;Black;11500
Skoda;Rapid;Black;26587
Nissan;Qashqai;Black;25572
Nissan;Qashqai;Black;4600
Renault;Kaptur;Black;53134
Renault;Kaptur;Black;4900
Renault;Kaptur;Black;3300
Renault;Kaptur;Black;3200
Renault;Kaptur;Black;6900
VW;Polo;Black;8966
VW;Polo;Black;33666
VW;Polo;Black;13688
BMW;X6;Black;17031
VW;Polo;Black;4643
VW;Polo;Black;10026
Nissan;Qashqai;Black;9800
Nissan;Qashqai;Black;2115
VW;Polo;Black;25056
VW;Polo;Black;1165
VW;Polo;Black;19000
VW;Polo;Black;4050
Renault;Kaptur;Black;16781
VW;Polo;Black;11943
VW;Polo;Black;2690
;Mercedes;Black;42579
Renault;Kaptur;Black;10764
Renault;Kaptur;Black;
VW;Dokker;Black;20196
Renault;Kaptur;Black;3678
Renault;Kaptur;Black;10225
Renault;Kaptur;Black;38261
Renault;Kaptur;Black;8081
Renault;Kaptur;Black;51000
VW;Transporter;Black;10556
VW;Transporter;Black;14919
Renault;Kaptur;Black;2629
Renault;Kaptur;Black;18300
Nissan;Qashqai;Black;12900
Nissan;Qashqai;Black;20783
Nissan;Qashqai;Black;6014
VW;Polo;Black;5716
Renault;Kaptur;Black;10074
VW;Dokker;Black;9100
VW;Dokker;Black;8800
Renault;Kaptur;Black;11981
Renault;Kaptur;Black;350
Nissan;Qashqai;Black;1300
Nissan;Qashqai;Black;14000
Nissan;Qashqai;Black;3481
Audi;Audi A3;Black;
Audi;Audi A3;Black;19676
Audi;Audi A3;Black;8000
Audi;Audi A3;Black;20153
Renault;Kaptur;Black;
Renault;Kaptur;Black;17390
;Mercedes;Black;34882
Renault;Kaptur;Black;9683
Renault;Kaptur;Black;27032
Nissan;Qashqai;Black;33701
;Mercedes;Black;34294
VW;Polo;Black;22745
Renault;Kaptur;Black;1421
Volvo;XC60;Black;9521
Skoda;Rapid;Black;25038
Skoda;Rapid;Black;21800
VW;Combi;Black;11532
Renault;Kaptur;Black;8030
Renault;Kaptur;Black;8325
Renault;Kaptur;Black;1300
VW;Dokker;Black;6200
Audi;Audi A3;Black;30947
VW;Polo;Black;
Nissan;Qashqai;Black;117729
Nissan;Qashqai;Black;220
Skoda;Rapid;Black;31164
Skoda;Rapid;Black;16500
Audi;Audi A3;Black;
VW;Dokker;Black;6200
Renault;Kaptur;Black;2111
Renault;Kaptur;Black;6547
VW;Polo;Black;38107
Skoda;Rapid;Black;7854
Renault;Kaptur;Black;8432
VW;Polo;Black;33781
VW;Combi;Black;19800
Nissan;Qashqai;Black;
BMW;X6;Black;52516
Renault;Kaptur;Black;15300
Renault;Kaptur;Black;2100
Renault;Kaptur;Black;13300
Renault;Kaptur;Black;7634
Renault;Kaptur;Black;1418
Renault;Kaptur;Black;2150
VW;Polo;Black;7911
Renault;Kaptur;Black;11425
Renault;Kaptur;Black;4634
Renault;Kaptur;Black;11668
BMW;X6;Black;403609
Renault;Kaptur;Black;60760
Renault;Kaptur;Black;8011
Renault;Kaptur;Black;1500
VW;Dokker;Black;42600
VW;Dokker;Black;3841
Skoda;Rapid;Black;3570
Nissan;Qashqai;Black;12800
Volvo;Volvo;Black;
Nissan;Qashqai;Black;3985
Nissan;Qashqai;Black;14500
Renault;Kaptur;Black;13278
Renault;Kaptur;Black;14449
Renault;Kaptur;Black;17200
Renault;Kaptur;Black;9000
Renault;Kaptur;Black;2000
Renault;Kaptur;Black;8931
Nissan;Qashqai;Black;54197
Nissan;Qashqai;Black;26049
Nissan;Qashqai;Black;2000
Audi;Audi A3;Black;36667
Audi;Audi A3;Black;13925
Audi;Audi A3;Black;3863
VW;Polo;Black;21965
VW;Polo;Black;4587
VW;Polo;Black;16613
Renault;Kaptur;Black;7113
VW;Polo;Black;45980
VW;Polo;Black;17500
VW;Polo;Black;6784
Renault;Kaptur;Black;33027
Renault;Kaptur;Black;8225
Citroen;Jumpy;Black;22300
VW;Dokker;Black;6249
VW;Polo;Black;7885
